f_1.csv,normal fall scene,fall
f_2.csv,normal fall scene,fall
f_3.csv,normal fall scene,fall
f_4.csv,normal fall scene,fall
f_5.csv,normal fall scene,fall
f_6.csv,normal fall scene,fall
f_7.csv,normal fall scene,fall
f_8.csv,normal fall scene,fall
f_9.csv,normal fall scene,fall
f_10.csv,normal fall scene,fall
f_11.csv,normal fall scene,fall
f_12.csv,normal fall scene,fall
f_13.csv,normal fall scene,fall
f_14.csv,normal fall scene,fall
f_15.csv,normal fall scene,fall
f_16.csv,normal fall scene,fall
f_17.csv,normal fall scene,fall
f_18.csv,normal fall scene,fall
f_19.csv,normal fall scene,fall
f_20.csv,normal fall scene,fall
f_21.csv,normal fall scene,fall
f_22.csv,normal fall scene,fall
f_23.csv,normal fall scene,fall
f_24.csv,normal fall scene,fall
f_25.csv,normal fall scene,fall
f_26.csv,normal fall scene,fall
f_27.csv,normal fall scene,fall
f_28.csv,normal fall scene,fall
f_29.csv,normal fall scene,fall
f_30.csv,normal fall scene,fall
f_31.csv,normal fall scene,fall
f_32.csv,normal fall scene,fall
f_33.csv,normal fall scene,fall
f_34.csv,normal fall scene,fall
f_35.csv,normal fall scene,fall
f_36.csv,normal fall scene,fall
f_37.csv,normal fall scene,fall
f_38.csv,normal fall scene,fall
f_39.csv,normal fall scene,fall
f_40.csv,normal fall scene,fall
f_41.csv,normal fall scene,fall
f_42.csv,normal fall scene,fall
f_43.csv,normal fall scene,fall
f_44.csv,normal fall scene,fall
f_45.csv,normal fall scene,fall
f_46.csv,normal fall scene,fall
f_47.csv,normal fall scene,fall
f_48.csv,normal fall scene,fall
f_49.csv,normal fall scene,fall
f_50.csv,normal fall scene,fall
f_51.csv,normal fall scene,fall
f_52.csv,normal fall scene,fall
f_53.csv,normal fall scene,fall
f_54.csv,normal fall scene,fall
f_55.csv,normal fall scene,fall
f_56.csv,normal fall scene,fall
f_57.csv,normal fall scene,fall
f_58.csv,normal fall scene,fall
f_59.csv,normal fall scene,fall
f_60.csv,normal fall scene,fall
f_61.csv,normal fall scene,fall
f_62.csv,normal fall scene,fall
f_63.csv,normal fall scene,fall
f_64.csv,normal fall scene,fall
f_65.csv,normal fall scene,fall
f_66.csv,normal fall scene,fall
f_67.csv,normal fall scene,fall
f_68.csv,normal fall scene,fall
f_69.csv,normal fall scene,fall
f_70.csv,normal fall scene,fall
f_71.csv,normal fall scene,fall
f_72.csv,normal fall scene,fall
f_73.csv,normal fall scene,fall
f_74.csv,normal fall scene,fall
f_75.csv,normal fall scene,fall
f_76.csv,normal fall scene,fall
f_77.csv,normal fall scene,fall
f_78.csv,normal fall scene,fall
f_79.csv,normal fall scene,fall
f_80.csv,normal fall scene,fall
f_81.csv,normal fall scene,fall
f_82.csv,normal fall scene,fall
f_83.csv,normal fall scene,fall
f_84.csv,normal fall scene,fall
f_85.csv,normal fall scene,fall
f_86.csv,normal fall scene,fall
f_87.csv,normal fall scene,fall
f_88.csv,normal fall scene,fall
f_89.csv,normal fall scene,fall
f_90.csv,normal fall scene,fall
f_91.csv,normal fall scene,fall
f_92.csv,normal fall scene,fall
f_93.csv,normal fall scene,fall
f_94.csv,normal fall scene,fall
f_95.csv,normal fall scene,fall
f_96.csv,normal fall scene,fall
f_97.csv,normal fall scene,fall
f_98.csv,normal fall scene,fall
f_99.csv,normal fall scene,fall
f_100.csv,normal fall scene,fall
f_101.csv,normal fall scene,fall
f_102.csv,frontal fall scene,fall
f_103.csv,frontal fall scene,fall
f_104.csv,frontal fall scene,fall
f_105.csv,frontal fall scene,fall
f_106.csv,frontal fall scene,fall
f_107.csv,frontal fall scene,fall
f_108.csv,frontal fall scene,fall
f_109.csv,frontal fall scene,fall
f_110.csv,frontal fall scene,fall
f_111.csv,frontal fall scene,fall
f_112.csv,frontal fall scene,fall
f_113.csv,frontal fall scene,fall
f_114.csv,frontal fall scene,fall
f_115.csv,frontal fall scene,fall
f_116.csv,frontal fall scene,fall
f_117.csv,frontal fall scene,fall
f_118.csv,frontal fall scene,fall
f_119.csv,frontal fall scene,fall
f_120.csv,frontal fall scene,fall
f_121.csv,frontal fall scene,fall
f_122.csv,frontal fall scene,fall
f_123.csv,chair fall scene 1,fall
f_124.csv,chair fall scene 1,fall
f_125.csv,chair fall scene 1,fall
f_126.csv,chair fall scene 1,fall
f_127.csv,chair fall scene 1,fall
f_128.csv,chair fall scene 1,fall
f_129.csv,chair fall scene 1,fall
f_130.csv,chair fall scene 1,fall
f_131.csv,chair fall scene 1,fall
f_132.csv,chair fall scene 1,fall
f_133.csv,chair fall scene 1,fall
f_134.csv,chair fall scene 1,fall
f_135.csv,chair fall scene 1,fall
f_136.csv,chair fall scene 1,fall
f_137.csv,chair fall scene 1,fall
f_138.csv,chair fall scene 1,fall
f_139.csv,chair fall scene 1,fall
f_140.csv,chair fall scene 1,fall
f_141.csv,chair fall scene 1,fall
f_142.csv,chair fall scene 1,fall
f_143.csv,chair fall scene 1,fall
f_144.csv,chair fall scene 1,fall
f_145.csv,chair fall scene 1,fall
f_146.csv,chair fall scene 1,fall
f_147.csv,chair fall scene 1,fall
f_148.csv,chair fall scene 1,fall
f_149.csv,chair fall scene 2,fall
f_150.csv,chair fall scene 2,fall
f_151.csv,chair fall scene 2,fall
f_152.csv,chair fall scene 2,fall
f_153.csv,chair fall scene 2,fall
f_154.csv,chair fall scene 2,fall
f_155.csv,chair fall scene 2,fall
f_156.csv,chair fall scene 2,fall
f_157.csv,chair fall scene 2,fall
f_158.csv,chair fall scene 2,fall
f_159.csv,chair fall scene 2,fall
f_160.csv,chair fall scene 2,fall
f_161.csv,chair fall scene 2,fall
f_162.csv,chair fall scene 2,fall
f_163.csv,chair fall scene 2,fall
f_164.csv,chair fall scene 3,fall
f_165.csv,chair fall scene 3,fall
f_166.csv,chair fall scene 3,fall
f_167.csv,chair fall scene 3,fall
f_168.csv,chair fall scene 3,fall
f_169.csv,chair fall scene 3,fall
f_170.csv,chair fall scene 3,fall
f_171.csv,chair fall scene 3,fall
f_172.csv,chair fall scene 3,fall
f_173.csv,chair fall scene 3,fall
f_174.csv,near fall scene,fall
f_175.csv,near fall scene,fall
f_176.csv,near fall scene,fall
f_177.csv,near fall scene,fall
f_178.csv,near fall scene,fall
f_179.csv,near fall scene,fall
f_180.csv,near fall scene,fall
f_181.csv,near fall scene,fall
f_182.csv,near fall scene,fall
f_183.csv,near fall scene,fall
f_184.csv,near fall scene,fall
f_185.csv,near fall scene,fall
f_186.csv,near fall scene,fall
f_187.csv,near fall scene,fall
f_188.csv,near fall scene,fall
f_189.csv,near fall scene,fall
f_190.csv,near fall scene,fall
f_191.csv,near fall scene,fall
f_192.csv,near fall scene,fall
f_193.csv,near fall scene,fall
f_194.csv,near fall scene,fall
f_195.csv,near fall scene,fall
f_196.csv,near fall scene,fall
f_197.csv,near fall scene,fall
f_198.csv,near fall scene,fall
f_199.csv,near fall scene,fall
f_200.csv,near fall scene,fall
f_201.csv,near fall scene,fall
f_202.csv,near fall scene,fall
f_203.csv,near fall scene,fall
f_204.csv,near fall scene,fall
f_205.csv,near fall scene,fall
f_206.csv,near fall scene,fall
f_207.csv,near fall scene,fall
f_208.csv,near fall scene,fall
f_209.csv,diagonal fall scene 1,fall
f_210.csv,diagonal fall scene 1,fall
f_211.csv,diagonal fall scene 1,fall
f_212.csv,diagonal fall scene 1,fall
f_213.csv,diagonal fall scene 1,fall
f_214.csv,diagonal fall scene 1,fall
f_215.csv,diagonal fall scene 1,fall
f_216.csv,diagonal fall scene 1,fall
f_217.csv,diagonal fall scene 1,fall
f_218.csv,diagonal fall scene 1,fall
f_219.csv,diagonal fall scene 1,fall
f_220.csv,diagonal fall scene 1,fall
f_221.csv,diagonal fall scene 1,fall
f_222.csv,diagonal fall scene 1,fall
f_223.csv,diagonal fall scene 2,fall
f_224.csv,diagonal fall scene 2,fall
f_225.csv,diagonal fall scene 2,fall
f_226.csv,diagonal fall scene 2,fall
f_227.csv,diagonal fall scene 2,fall
f_228.csv,diagonal fall scene 2,fall
f_229.csv,diagonal fall scene 2,fall
f_230.csv,diagonal fall scene 2,fall
f_231.csv,diagonal fall scene 2,fall
f_232.csv,diagonal fall scene 2,fall
f_233.csv,diagonal fall scene 2,fall
f_234.csv,diagonal fall scene 2,fall
f_235.csv,diagonal fall scene 2,fall
f_236.csv,diagonal fall scene 2,fall
f_237.csv,diagonal fall scene 2,fall
f_238.csv,diagonal fall scene 2,fall
nf_1.csv,walking scene,not fall
nf_2.csv,walking scene,not fall
nf_3.csv,walking scene,not fall
nf_4.csv,walking scene,not fall
nf_5.csv,walking scene,not fall
nf_6.csv,walking scene,not fall
nf_7.csv,walking scene,not fall
nf_8.csv,walking scene,not fall
nf_9.csv,walking scene,not fall
nf_10.csv,walking scene,not fall
nf_11.csv,walking scene,not fall
nf_12.csv,walking scene,not fall
nf_13.csv,walking scene,not fall
nf_14.csv,walking scene,not fall
nf_15.csv,walking scene,not fall
nf_16.csv,walking scene,not fall
nf_17.csv,walking scene,not fall
nf_18.csv,walking scene,not fall
nf_19.csv,walking scene,not fall
nf_20.csv,walking scene,not fall
nf_21.csv,walking scene,not fall
nf_22.csv,walking scene,not fall
nf_23.csv,walking scene,not fall
nf_24.csv,walking scene,not fall
nf_25.csv,walking scene,not fall
nf_26.csv,walking scene,not fall
nf_27.csv,walking scene,not fall
nf_28.csv,walking scene,not fall
nf_29.csv,walking scene,not fall
nf_30.csv,walking scene,not fall
nf_31.csv,walking scene,not fall
nf_32.csv,walking scene,not fall
nf_33.csv,walking scene,not fall
nf_34.csv,walking scene,not fall
nf_35.csv,walking scene,not fall
nf_36.csv,walking scene,not fall
nf_37.csv,walking scene,not fall
nf_38.csv,walking scene,not fall
nf_39.csv,walking scene,not fall
nf_40.csv,walking scene,not fall
nf_41.csv,walking scene,not fall
nf_42.csv,walking scene,not fall
nf_43.csv,walking scene,not fall
nf_44.csv,walking scene,not fall
nf_45.csv,walking scene,not fall
nf_46.csv,walking scene,not fall
nf_47.csv,walking scene,not fall
nf_48.csv,walking scene,not fall
nf_49.csv,walking scene,not fall
nf_50.csv,walking scene,not fall
nf_51.csv,walking scene,not fall
nf_52.csv,walking scene,not fall
nf_53.csv,walking scene,not fall
nf_54.csv,walking scene,not fall
nf_55.csv,walking scene,not fall
nf_56.csv,walking scene,not fall
nf_57.csv,walking scene,not fall
nf_58.csv,walking scene,not fall
nf_59.csv,walking scene,not fall
nf_60.csv,walking scene,not fall
nf_61.csv,walking scene,not fall
nf_62.csv,walking scene,not fall
nf_63.csv,walking scene,not fall
nf_64.csv,walking scene,not fall
nf_65.csv,walking scene,not fall
nf_66.csv,walking scene,not fall
nf_67.csv,walking scene,not fall
nf_68.csv,walking scene,not fall
nf_69.csv,walking scene,not fall
nf_70.csv,walking scene,not fall
nf_71.csv,walking scene,not fall
nf_72.csv,walking scene,not fall
nf_73.csv,walking scene,not fall
nf_74.csv,walking scene,not fall
nf_75.csv,walking scene,not fall
nf_76.csv,walking scene,not fall
nf_77.csv,walking scene,not fall
nf_78.csv,walking scene,not fall
nf_79.csv,walking scene,not fall
nf_80.csv,walking scene,not fall
nf_81.csv,walking scene,not fall
nf_82.csv,walking scene,not fall
nf_83.csv,walking scene,not fall
nf_84.csv,walking scene,not fall
nf_85.csv,walking scene,not fall
nf_86.csv,walking scene,not fall
nf_87.csv,walking scene,not fall
nf_88.csv,walking scene,not fall
nf_89.csv,walking scene,not fall
nf_90.csv,walking scene,not fall
nf_91.csv,walking scene,not fall
nf_92.csv,walking scene,not fall
nf_93.csv,walking scene,not fall
nf_94.csv,walking scene,not fall
nf_95.csv,walking picking scene,not fall
nf_96.csv,walking picking scene,not fall
nf_97.csv,walking picking scene,not fall
nf_98.csv,walking picking scene,not fall
nf_99.csv,walking picking scene,not fall
nf_100.csv,walking picking scene,not fall
nf_101.csv,walking picking scene,not fall
nf_102.csv,walking picking scene,not fall
nf_103.csv,walking picking scene,not fall
nf_104.csv,walking picking scene,not fall
nf_105.csv,walking picking scene,not fall
nf_106.csv,walking picking scene,not fall
nf_107.csv,walking picking scene,not fall
nf_108.csv,walking picking scene,not fall
nf_109.csv,walking picking scene,not fall
nf_110.csv,walking picking scene,not fall
nf_111.csv,walking picking scene,not fall
nf_112.csv,walking picking scene,not fall
nf_113.csv,walking picking scene,not fall
nf_114.csv,walking picking scene,not fall
nf_115.csv,walking picking scene,not fall
nf_116.csv,walking picking scene,not fall
nf_117.csv,walking picking scene,not fall
nf_118.csv,walking picking scene,not fall
nf_119.csv,walking picking scene,not fall
nf_120.csv,walking picking scene,not fall
nf_121.csv,walking picking scene,not fall
nf_122.csv,walking picking scene,not fall
nf_123.csv,walking picking scene,not fall
nf_124.csv,walking picking scene,not fall
nf_125.csv,walking picking scene,not fall
nf_126.csv,walking picking scene,not fall
nf_127.csv,walking picking scene,not fall
nf_128.csv,walking picking scene,not fall
nf_129.csv,walking picking scene,not fall
nf_130.csv,walking picking scene,not fall
nf_131.csv,walking picking scene,not fall
nf_132.csv,walking picking scene,not fall
nf_133.csv,walking picking scene,not fall
nf_134.csv,walking picking scene,not fall
nf_135.csv,walking picking scene,not fall
nf_136.csv,walking picking scene,not fall
nf_137.csv,walking sitting scene,not fall
nf_138.csv,walking sitting scene,not fall
nf_139.csv,walking sitting scene,not fall
nf_140.csv,walking sitting scene,not fall
nf_141.csv,walking sitting scene,not fall
nf_142.csv,walking sitting scene,not fall
nf_143.csv,walking sitting scene,not fall
nf_144.csv,walking sitting scene,not fall
nf_145.csv,walking sitting scene,not fall
nf_146.csv,walking sitting scene,not fall
nf_147.csv,walking sitting scene,not fall
nf_148.csv,walking sitting scene,not fall
nf_149.csv,walking sitting scene,not fall
nf_150.csv,walking sitting scene,not fall
nf_151.csv,walking sitting scene,not fall
nf_152.csv,walking sitting scene,not fall
nf_153.csv,walking sitting scene,not fall
nf_154.csv,walking sitting scene,not fall
nf_155.csv,walking sitting scene,not fall
nf_156.csv,walking sitting scene,not fall
nf_157.csv,walking sitting scene,not fall
nf_158.csv,walking sitting scene,not fall
nf_159.csv,walking sitting scene,not fall
nf_160.csv,walking sitting scene,not fall
nf_161.csv,walking sitting scene,not fall
nf_162.csv,walking sitting scene,not fall
nf_163.csv,walking sitting scene,not fall
nf_164.csv,walking sitting scene,not fall
nf_165.csv,walking sitting scene,not fall
nf_166.csv,walking sitting scene,not fall
nf_167.csv,walking sitting scene,not fall
nf_168.csv,walking sitting scene,not fall
nf_169.csv,walking sitting scene,not fall
nf_170.csv,walking sitting scene,not fall
nf_171.csv,walking sitting scene,not fall
nf_172.csv,walking sitting scene,not fall
nf_173.csv,walking sitting scene,not fall
nf_174.csv,walking sitting scene,not fall
nf_175.csv,walking sitting scene,not fall
nf_176.csv,walking sitting scene,not fall
nf_177.csv,walking sitting scene,not fall
nf_178.csv,walking sitting scene,not fall
nf_179.csv,walking sitting scene,not fall
nf_180.csv,walking sitting scene,not fall
nf_181.csv,walking sitting scene,not fall
nf_182.csv,walking sitting scene,not fall
nf_183.csv,frontal walking scene,not fall
nf_184.csv,frontal walking scene,not fall
nf_185.csv,frontal walking scene,not fall
nf_186.csv,frontal walking scene,not fall
nf_187.csv,frontal walking scene,not fall
nf_188.csv,frontal walking scene,not fall
nf_189.csv,frontal walking scene,not fall
nf_190.csv,frontal walking scene,not fall
nf_191.csv,frontal walking scene,not fall
nf_192.csv,frontal walking picking scene,not fall
nf_193.csv,frontal walking picking scene,not fall
nf_194.csv,frontal walking picking scene,not fall
nf_195.csv,frontal walking picking scene,not fall
nf_196.csv,frontal walking picking scene,not fall
nf_197.csv,frontal walking picking scene,not fall
nf_198.csv,frontal walking picking scene,not fall
nf_199.csv,frontal walking picking scene,not fall
nf_200.csv,frontal walking picking scene,not fall
nf_201.csv,frontal walking picking scene,not fall
nf_202.csv,frontal walking picking scene,not fall
nf_203.csv,frontal walking picking scene,not fall
nf_204.csv,frontal walking picking scene,not fall
nf_205.csv,frontal walking picking scene,not fall
nf_206.csv,frontal walking picking scene,not fall
nf_207.csv,frontal walking picking scene,not fall
nf_208.csv,frontal walking picking scene,not fall
nf_209.csv,frontal walking picking scene,not fall
nf_210.csv,frontal walking picking scene,not fall
nf_211.csv,frontal walking picking scene,not fall
nf_212.csv,frontal walking picking scene,not fall
nf_213.csv,bed scene,not fall
nf_214.csv,bed scene,not fall
nf_215.csv,bed scene,not fall
nf_216.csv,bed scene,not fall
nf_217.csv,bed scene,not fall
nf_218.csv,bed scene,not fall
nf_219.csv,bed scene,not fall
nf_220.csv,bed scene,not fall
nf_221.csv,bed scene,not fall
nf_222.csv,bed scene,not fall
nf_223.csv,bed scene,not fall
nf_224.csv,bed scene,not fall
nf_225.csv,bed scene,not fall
nf_226.csv,bed scene,not fall
nf_227.csv,bed scene,not fall
nf_228.csv,bed scene,not fall
nf_229.csv,bed scene,not fall
nf_230.csv,bed scene,not fall
nf_231.csv,bed scene,not fall
nf_232.csv,bed scene,not fall
nf_233.csv,bed scene,not fall
nf_234.csv,bed scene,not fall
nf_235.csv,bed scene,not fall
nf_236.csv,bed scene,not fall
nf_237.csv,bed scene,not fall
nf_238.csv,bed scene,not fall
nf_239.csv,bed scene,not fall
nf_240.csv,bed scene,not fall
nf_241.csv,bed scene,not fall
nf_242.csv,bed scene,not fall
nf_243.csv,bed scene,not fall
nf_244.csv,bed scene,not fall
nf_245.csv,bed scene,not fall
nf_246.csv,bed scene,not fall
